<?xml version="1.0" encoding="utf-8"?>
<!--/2024642/814107/2.49/2/4/Inductor/-->
<quadcept_library>
  <setting unit="mil" />
  <textstyle name="Default" height="47.244094488189" strokewidth="7.8740157480315" charwidth="47.244094488189" />
  <textstyle name="Dimension" height="19.6850393700787" strokewidth="0" charwidth="19.6850393700787" />
  <textstyle name="H127W0635TH00762" height="50" strokewidth="3" charwidth="25" />
  <textstyle name="H15W15TH02" height="59.0551181102362" strokewidth="7.8740157480315" charwidth="59.0551181102362" />
  <padstyle name="r570_160" surface="True" plated="False" isvia="False" nopaste="False" nomask="True" complex="False" holesize="0">
    <padshape layer="TOP" shape="rectangle" width="62.992125984251" height="224.40944881889" />
    <padshape layer="TOP_SOLDER_MASK" shape="rectangle" width="70.866141732283" height="232.28346456693" />
    <padshape layer="TOP_SOLDER_PASTE" shape="rectangle" width="62.992125984251" height="224.40944881889" />
  </padstyle>
  <footprint name="NR6012T100ME" originx="0" originy="0" pickpointx="0" pickpointy="0">
    <pcbpin number="1" name="1" style="r570_160" originx="-92.519685039369" originy="0" rotation="0" />
    <pcbpin number="2" name="2" style="r570_160" originx="92.519685039369" originy="0" rotation="0" />
    <line layer="TOP_ASSEMBLY" originx="-118.11023622047" originy="118.11023622047" endx="118.11023622047" endy="118.11023622047" width="7.8740157480314" />
    <line layer="TOP_ASSEMBLY" originx="118.11023622047" originy="118.11023622047" endx="118.11023622047" endy="-118.11023622047" width="7.8740157480314" />
    <line layer="TOP_ASSEMBLY" originx="118.11023622047" originy="-118.11023622047" endx="-118.11023622047" endy="-118.11023622047" width="7.8740157480314" />
    <line layer="TOP_ASSEMBLY" originx="-118.11023622047" originy="-118.11023622047" endx="-118.11023622047" endy="118.11023622047" width="7.8740157480314" />
    <line layer="TOP_PLACE_BOUND" originx="-163.38582677165" originy="157.48031496063" endx="163.38582677165" endy="157.48031496063" width="3.9370078740157" />
    <line layer="TOP_PLACE_BOUND" originx="163.38582677165" originy="157.48031496063" endx="163.38582677165" endy="-157.48031496063" width="3.9370078740157" />
    <line layer="TOP_PLACE_BOUND" originx="163.38582677165" originy="-157.48031496063" endx="-163.38582677165" endy="-157.48031496063" width="3.9370078740157" />
    <line layer="TOP_PLACE_BOUND" originx="-163.38582677165" originy="-157.48031496063" endx="-163.38582677165" endy="157.48031496063" width="3.9370078740157" />
    <line layer="TOP_SILKSCREEN" originx="-49.212598425196" originy="118.11023622047" endx="49.212598425196" endy="118.11023622047" width="3.9370078740157" />
    <line layer="TOP_SILKSCREEN" originx="-49.212598425196" originy="-118.11023622047" endx="49.212598425196" endy="-118.11023622047" width="3.9370078740157" />
  </footprint>
  <symbol name="NR6012T100ME" originx="0" originy="0">
    <arc originx="250" originy="-2" startangle="177.7" sweepangle="-175.4" radius="50" width="0" />
    <arc originx="350" originy="-2" startangle="177.7" sweepangle="-175.4" radius="50" width="0" />
    <arc originx="450" originy="-2" startangle="177.7" sweepangle="-175.4" radius="50" width="0" />
    <arc originx="550" originy="-2" startangle="177.7" sweepangle="-175.4" radius="50" width="0" />
    <sympin number="1" originx="200" originy="0" rotation="180" length="100" width="7.8740157480315" flipped="False">
      <text name="pinname" originx="0" originy="-10" style="Default" rotation="0" justify="upperleft" flipped="False" hidden="True" data="1" />
      <text name="pindes" originx="0" originy="10" style="Default" rotation="0" justify="lowerleft" flipped="False" hidden="False" data="1" />
    </sympin>
    <sympin number="2" originx="600" originy="0" rotation="0" length="100" width="7.8740157480315" flipped="False">
      <text name="pinname" originx="800" originy="-10" style="Default" rotation="0" justify="upperright" flipped="False" hidden="True" data="2" />
      <text name="pindes" originx="800" originy="10" style="Default" rotation="0" justify="lowerright" flipped="False" hidden="False" data="2" />
    </sympin>
  </symbol>
  <component name="NR6012T100ME" designatorprefix="L" height="47.244094488188" footprint="NR6012T100ME">
    <comppin designator="1" sympin="1" pinswap="0" gateswap="0" gate="1" group="1" side="" type="Any" name="1" />
    <comppin designator="2" sympin="2" pinswap="0" gateswap="0" gate="1" group="1" side="" type="Any" name="2" />
    <attached_symbol gate="1" name="NR6012T100ME" />
    <pinmap designator="1" footprintpin="1" />
    <pinmap designator="2" footprintpin="2" />
    <text name="Datasheet" originx="0" originy="0" style="Default" rotation="0" justify="" flipped="False" hidden="True" data="https://www.mouser.com/datasheet/2/396/wound04_e-1290968.pdf" />
    <text name="Description" originx="0" originy="0" style="Default" rotation="0" justify="" flipped="False" hidden="True" data="NR6012T100ME" />
    <text name="Manufacturer_Name" originx="0" originy="0" style="Default" rotation="0" justify="" flipped="False" hidden="True" data="TAIYO YUDEN" />
    <text name="Manufacturer_Part_Number" originx="650" originy="150" style="Default" rotation="0" justify="left" flipped="False" hidden="False" data="NR6012T100ME" />
    <text name="Mouser Part Number" originx="0" originy="0" style="Default" rotation="0" justify="" flipped="False" hidden="True" data="963-NR6012T100ME" />
    <text name="Mouser Price/Stock" originx="0" originy="0" style="Default" rotation="0" justify="" flipped="False" hidden="True" data="https://www.mouser.com/Search/Refine.aspx?Keyword=963-NR6012T100ME" />
    <text name="Arrow Part Number" originx="0" originy="0" style="Default" rotation="0" justify="" flipped="False" hidden="True" data="NR6012T100ME" />
    <text name="Arrow Price/Stock" originx="0" originy="0" style="Default" rotation="0" justify="" flipped="False" hidden="True" data="https://www.arrow.com/en/products/nr6012t100me/taiyo-yuden" />
  </component>
</quadcept_library>
